일자,close,대비,기관,외국인,개인,기타,금융투자,보험,투신(사모),은행,기타금융,연기금 등,open,high,low,volume,대비%,한국금리,천연가스,미국금리,다우존스,나스닥,구리,WTI,SMA_10,SMA_20,SMA_50,EMA_10,EMA_20,EMA_50,ATR,A/D,WillA/D,OBV,ADOSC,SOK,SOD,SOJ,MACD,MACDS,MACDH,RSI,ROC,WillR,CCI,TSI,ADX,MFI,MOM,ULTOSC,PVT,BollingerU,BollingerM,BollingerL,Typical,EMV,Mass,NVI,PVI,CV
2021-03-09,166700.0,6200.0,-81800,91000,300,-9400,-1200,-12100,-38600,-1600,-6700,-21600,160000.0,167300.0,159700.0,84724.0,3.72,0.5,2.6,0.25,32297.02,13078.5,4.1415,65.61,0.0,0.0,0.0,166700.0,166700.0,166700.0,0.0,71346.52631578947,0.0,84724.0,0.0,92.10526315789474,92.10526315789474,92.10526315789474,0.0,0.0,0.0,0.0,0.0,0.0,0.0,0.0,0.0,0.0,0.0,0.0,84724.0,0.0,0.0,0.0,164566.66666666666,0.0,0.0,1000.0,1000.0,0.0
2021-03-10,172900.0,6200.0,-45500,-108600,157500,-3400,-15800,-5200,-20600,-1100,-2400,-500,169000.0,173500.0,166700.0,74341.0,3.59,0.5,2.484,0.25,32485.59,13151.5,4.1415,65.39,0.0,0.0,0.0,169947.61904761902,169875.60975609755,169830.69306930693,0.0,132568.52631578947,6200.0,159065.0,0.0,95.65217391304348,93.87871853546912,92.99199084668193,139.1025641025626,77.27920227920144,61.82336182336117,0.0,0.0,0.0,0.0,0.0,0.0,0.0,0.0,0.0,87488.93221355729,0.0,0.0,0.0,171033.33333333334,60370455065.172646,0.0,172900.0,1000.0,0.0
2021-03-11,176000.0,3100.0,-33600,212200,-158600,-20000,-32900,9000,-25500,-100,-100,16000,173600.0,176000.0,169200.0,59469.0,1.76,0.5,2.562,0.25,32778.64,13201.5,4.073,64.8,0.0,0.0,0.0,172160.12084592145,172017.4464710547,171927.98327016077,0.0,192037.52631578947,13000.0,218534.0,0.0,100.0,95.91914569031275,93.9677091278922,273.37509120069444,157.64636986997724,115.7287213307172,0.0,0.0,0.0,0.0,0.0,0.0,0.0,0.0,0.0,88555.17802038204,0.0,0.0,0.0,173733.33333333334,28586322285.560543,0.0,176000.0,1000.0,0.0
2021-03-12,177900.0,1900.0,16400,169100,-179300,-6200,10800,3200,-9800,200,-600,12600,175500.0,180000.0,173000.0,44572.0,1.07,0.5,2.528,0.25,32953.46,12795.5,4.1205,64.6,0.0,0.0,0.0,173806.27020038787,173597.39856732692,173465.62390212753,0.0,209866.32631578945,17900.0,263106.0,0.0,89.65517241379311,95.10244877561219,94.96677100046469,396.3439156600507,238.50597210238692,157.83794355766378,0.0,0.0,0.0,0.0,0.0,0.0,0.0,0.0,0.0,89036.35302038204,0.0,0.0,0.0,176966.66666666666,61249214753.657005,0.0,177900.0,1000.0,0.0
2021-03-15,173500.0,-4400.0,-25800,-73900,105700,-6000,-16100,-2300,-6600,-800,400,-400,177900.0,178400.0,173200.0,32600.0,-2.54,0.5,2.481,0.25,32825.95,12808.76,4.109,60.0,0.0,0.0,0.0,173732.82173920164,173575.97322025424,173472.77407636298,0.0,181027.86477732792,13000.0,230506.0,0.0,67.98029556650246,85.87848932676519,92.3000279308967,279.7331721945375,250.77013205364543,28.963040140892048,0.0,0.0,0.0,0.0,0.0,0.0,0.0,0.0,0.0,88230.05734865635,180997.89444517362,173400.0,165802.10555482638,175033.33333333334,-11165644171.77914,0.0,173500.0,1000.0,0.0
2021-03-16,175300.0,1800.0,93400,45300,-51900,-86800,56800,3600,14100,100,-7000,25800,173500.0,176700.0,173500.0,32651.0,1.03,0.5,2.535,0.25,33015.37,13071.75,4.1135,61.42,0.0,0.0,0.0,174059.94509831365,173899.4621641587,173792.58485316418,0.0,185109.23977732792,14800.0,263157.0,0.0,64.66165413533834,74.0990407052113,85.02665960252956,281.34530135046225,259.0577028796106,22.287598470851663,0.0,0.0,0.0,0.0,0.0,0.0,0.0,0.0,0.0,88568.79971176875,178707.53397196459,175120.0,171532.46602803541,175166.66666666666,-6860433064.837217,0.0,173500.0,175300.0,0.0
2021-03-17,173000.0,-2300.0,-27500,-51500,95900,-16900,-33600,6100,-2300,-300,-200,2700,175500.0,178700.0,171600.0,47293.0,-1.33,0.5,2.582,0.25,32862.3,13006.25,4.1415,61.55,0.0,0.0,0.0,173862.0191414279,173751.4194137691,173672.52226881115,0.0,156467.0003407082,9100.0,215864.0,0.0,35.18518518518518,55.94237829567533,71.97330277588394,173.3392248043092,237.36464283966006,-64.02541803535087,0.0,0.0,0.0,0.0,0.0,0.0,0.0,0.0,0.0,87948.29828564211,178678.58728873543,175140.0,171601.41271126457,174433.33333333334,750639629.5434843,0.0,173500.0,173000.0,0.0
2021-03-18,171100.0,-1900.0,56600,-1300,-41200,-14100,25300,100,16000,-800,-1400,17400,166600.0,171700.0,158000.0,122246.0,-1.11,0.5,2.508,0.25,32627.97,12794.0,4.0815,57.76,0.0,0.0,0.0,173391.36099189354,173360.72187054434,173328.2335451028,0.0,268005.3215085914,7200.0,93618.0,0.0,59.54545454545455,53.13076462199269,61.05739454095976,7.767134102730779,182.1880439080672,-174.4209098053364,0.0,0.0,0.0,0.0,0.0,0.0,0.0,0.0,0.0,86605.71215847449,178758.43451622396,174160.0,169561.56548377604,166933.33333333334,-115431179752.30273,0.0,173500.0,171100.0,0.0
2021-03-19,172100.0,1000.0,-33900,86200,-52000,-300,-44500,4800,8300,500,-4800,1700,170000.0,173400.0,167700.0,28671.0,0.58,0.5,2.518,0.25,32731.2,12770.5,4.0675,61.18,0.0,0.0,0.0,173187.5131566463,173191.79705074045,173180.7065157194,0.0,283598.3215085914,11600.0,122289.0,0.0,68.11594202898551,54.28219391987508,54.4517789458477,-57.39296555813053,126.84364215385855,-184.23660771198908,0.0,0.0,0.0,0.0,0.0,0.0,0.0,0.0,0.0,86773.28083176496,175822.76460230036,173000.0,170177.23539769964,171066.66666666666,113320079522.86281,0.0,172100.0,171100.0,0.0
2021-03-22,174100.0,2000.0,44200,-100500,52300,3900,30300,-1100,-11000,700,-900,26200,172100.0,174700.0,168800.0,31865.0,1.15,0.5,2.57,0.25,32423.15,12966.75,3.9815,58.56,173260.0,0.0,0.0,173322.51591268877,173303.81270495596,173281.04156639994,0.0,308982.3045594389,16900.0,154154.0,69774.31360694332,77.77777777777779,68.47972478407262,58.63089444198013,0.23789856667281128,98.47660613699986,-98.23870757032705,0.0,0.0,0.0,0.0,0.0,0.0,0.0,0.0,0.0,87143.58879225305,176065.9124223235,173120.0,170174.0875776765,172533.33333333334,22218735289.502586,0.0,172100.0,174100.0,0.0
2021-03-23,174300.0,200.0,-34800,-48100,108600,-25700,-19900,9700,-31700,-500,-5100,12700,172600.0,176700.0,172400.0,48012.0,0.11,0.5,2.557,0.25,32420.06,12944.5,4.0705,60.97,174020.0,0.0,0.0,173459.33093210834,173418.03164225828,173383.11517087842,0.0,303399.51386176446,18800.0,202166.0,64510.52652445834,78.74396135265701,74.8792270531401,65.88038191902926,52.534653492679354,88.42476940780314,-35.890115915123786,0.0,4.559088182363524,0.0,0.0,0.0,0.0,0.0,7600.0,0.0,87198.74330115598,175334.62212364585,172920.0,170505.37787635415,174466.66666666666,25077064067.3165,0.0,172100.0,174300.0,0.0
2021-03-24,173000.0,-1300.0,86100,85400,-151200,-20300,11300,8700,46000,-2200,-7000,29300,174000.0,175000.0,170900.0,24307.0,-0.75,0.5,2.586,0.25,32619.48,12878.25,4.0385,61.56,174030.0,0.0,0.0,173398.04644999534,173373.1129837445,173347.598292429,0.0,303992.367520301,16800.0,177859.0,56681.20101620717,80.21390374331551,78.91188095791676,74.09027759837649,18.751041327021085,73.461774619383,-54.71073329236191,0.0,0.05783689994216523,0.0,0.0,0.0,0.0,0.0,100.0,0.0,87017.4518496356,175334.62212364585,172920.0,170505.37787635415,172966.66666666666,-26988110420.866417,0.0,173000.0,174300.0,-0.12966206817124146
2021-03-25,171300.0,-1700.0,42400,-90400,53900,-5900,-6600,10000,30700,400,-2900,10800,172100.0,173200.0,170200.0,48067.0,-0.99,0.5,2.623,0.25,33072.88,13089.75,3.9825,60.55,173560.0,0.0,0.0,173129.53746633572,173162.92743235052,173170.70516648566,0.0,291174.5008536344,14900.0,129792.0,44247.0465492371,40.0,66.31928836532417,73.37013212546036,-102.58242950233398,36.204704716272964,-138.78713421860695,0.0,-2.670454545454548,0.0,0.0,0.0,0.0,0.0,-4700.0,0.0,86545.11716755468,175256.43201510518,172960.0,170663.56798489482,171566.66666666666,-7801610252.356087,0.0,173000.0,171300.0,-0.1715148358623318
2021-03-26,170400.0,-900.0,-42900,-88300,140700,-9500,-12600,-700,-15900,-1400,-4000,-8300,171200.0,173800.0,169300.0,62586.0,-0.53,0.5,2.608,0.25,33171.37,13316.0,4.0005,59.16,172810.0,0.0,0.0,172792.6971006797,172897.0970546949,172946.32702378617,0.0,259186.1008536344,11500.0,67206.0,24959.760944636917,20.253164556962027,46.82235610009251,64.01784180777783,-244.23037116913474,-22.46252239598049,-221.76784877315424,0.0,-4.215851602023612,-43.63636363636363,-29.610174177494773,0.0,0.0,0.0,-7500.0,0.0,86216.29405021667,175696.10142875687,172620.0,169543.89857124313,171166.66666666666,-1078515962.0362382,0.0,173000.0,170400.0,-0.1935226796206879
2021-03-29,172000.0,1600.0,-17200,-36600,71700,-17900,-21400,9400,6600,700,-1800,-10700,170600.0,178800.0,169100.0,80088.0,0.93,0.5,2.639,0.25,33066.96,13316.0,3.9945,61.45,172660.0,0.0,0.0,172697.95266272148,172814.78430949792,172874.1227615025,6307.142857142857,226985.77095672718,14400.0,147294.0,4554.879053317563,29.896907216494846,30.050023924485618,47.73055612996743,-252.9914682880917,-70.24967244271177,-182.74179584537995,58.745874587458744,-0.8645533141210415,-36.36363636363637,14.957264957265638,0.0,0.0,54.64596934967578,-1500.0,0.0,86968.29405021667,174904.0710049849,172200.0,169495.9289950151,173300.0,29068025172.310455,0.0,173000.0,172000.0,-0.06673718197418653
2021-03-30,176400.0,4400.0,18300,52700,-42900,-28000,18200,3800,-5000,0,-1000,2300,178100.0,178300.0,173000.0,44793.0,2.49,0.5,2.511,0.25,32981.55,13585.5,4.1405,58.65,172770.0,0.0,0.0,173128.11919029828,173129.8390922052,173128.71227367054,6306.632653061225,239663.03510767058,18800.0,192087.0,-172.9775863145187,75.25773195876289,41.80260124407325,39.55832708955047,10.39903968424187,-53.652768708104276,64.05180839234615,64.32491767288695,0.627495721620086,-16.363636363636363,94.70190683079926,0.0,0.0,52.84831001489595,1100.0,0.0,88114.16149207714,176766.13072635198,172620.0,168473.86927364802,175900.0,20114750072.55598,0.0,176400.0,172000.0,0.028734813700279412
2021-03-31,178500.0,2100.0,-57900,-75200,148300,-15200,-35100,-7400,-14300,700,-4700,2900,175600.0,179200.0,174200.0,76068.0,1.18,0.5,2.456,0.25,33153.21,13570.0,4.1185,59.33,173320.0,0.0,0.0,173736.91998229997,173583.4854383769,173497.17124143612,6213.301749271138,294431.9951076706,23100.0,268155.0,15335.111750773678,93.06930693069307,66.0746487019836,45.975757956847495,341.09952583388076,27.116451347008784,313.983074486872,66.64350791871279,3.1791907514450823,-6.818181818181818,119.73094170403571,0.0,0.0,54.03696325769427,5500.0,0.0,89019.73292064857,180036.20139007617,173720.0,167403.79860992383,177300.0,6901719514.118946,0.0,176400.0,178500.0,-0.029036384396060932
2021-04-01,177500.0,-1000.0,20300,136500,-146100,-10700,22100,6400,-7800,-400,-2400,2400,179700.0,179800.0,176100.0,45589.0,-0.56,0.5,2.52,0.25,33527.19,13604.75,4.0575,59.77,173960.0,0.0,0.0,174154.04105757116,173902.5740340027,173758.93309706933,6033.780195751771,283342.7788914544,20800.0,222566.0,16756.842069806997,78.50467289719626,82.2772372622174,63.38482906942475,527.1253617058101,128.95275314203653,398.17260856377357,64.49397761721225,3.7405026300409094,-10.55045871559633,129.9163940385319,0.0,0.0,54.116870332258216,6400.0,0.0,88764.33236042448,181323.14387704694,174960.0,168596.85612295306,177800.0,10144991116.278051,0.0,177500.0,178500.0,-0.2320792504620115
2021-04-02,176900.0,-600.0,5000,-11900,27700,-20800,-8900,2800,13200,700,-500,-2400,178100.0,178400.0,175000.0,31704.0,-0.34,0.5,2.522,0.25,33430.24,13747.75,4.099,59.6,174440.0,0.0,0.0,174452.4690501787,174138.785503217,173955.34760211184,5845.653038912359,287072.6612443956,19300.0,190862.0,17001.890488092205,72.89719626168224,81.49039202985719,76.61409266468608,625.1871576673584,229.65084651361335,395.53631115374503,63.17729030292322,2.7890761185357382,-13.302752293577981,89.50808393532867,0.0,0.0,54.160879851839496,4800.0,0.0,88657.16390972026,180743.9268504292,176260.0,171776.0731495708,176766.66666666666,-13405248549.078981,0.0,176900.0,178500.0,-0.2379462557472603
2021-04-05,175400.0,-1500.0,-4400,7700,5700,-8900,-20500,8000,-1500,600,-100,9100,176900.0,177200.0,175100.0,14722.0,-0.86,0.5,2.526,0.25,33446.26,13829.5,4.046,59.32,174570.0,173915.0,0.0,174553.64780456634,174235.16942152582,174041.96544474582,5578.106393275762,276556.94695868134,17500.0,176140.0,12210.602069382323,35.294117647058826,62.2319956019791,75.33320829801791,595.4471938312054,303.66342288624537,291.78377094496,59.885660220470406,0.746697300402066,-20.18348623853211,61.55398587285627,0.0,0.0,50.86618863100697,1300.0,0.0,88532.33067060211,179020.7690885824,176940.0,174859.2309114176,175900.0,-7845401440.021737,0.0,175400.0,178500.0,-0.2691778723877173
2021-04-06,175800.0,400.0,-13600,-156200,208000,-38200,1000,5200,-25700,-900,-5400,12300,177000.0,177100.0,174500.0,18474.0,0.23,0.5,2.561,0.25,33503.57,13808.75,4.0255,59.7,174720.0,174370.0,0.0,174684.6557246421,174351.40817717277,174143.28471447644,5365.384508041779,276556.94695868134,18800.0,194614.0,9140.474800875352,28.57142857142857,45.587580826723205,63.10332281951984,591.796310470876,361.82645973078195,229.9698507400941,60.477021801410935,0.8605851979345935,-18.34862385321101,53.7467700258402,0.0,0.0,53.0380816968868,1500.0,0.0,88574.4606591996,179073.53056336052,176820.0,174566.46943663948,175800.0,-4925841723.503303,0.0,175400.0,175800.0,-0.26757859857478283
2021-04-07,176600.0,800.0,8600,52800,-63500,2200,12700,-2400,1900,-100,-9500,6000,175800.0,177200.0,174700.0,66191.0,0.45,0.5,2.619,0.25,33800.6,13975.75,4.039,60.18,175080.0,174555.0,0.0,174883.16385617302,174514.10023842604,174279.6839569433,5160.714186038795,310976.26695868134,20700.0,260805.0,18005.16320913384,39.62264150943396,34.49606257597378,47.43854633489203,635.5793116928835,416.984021090455,218.59529060242852,61.69332702157874,2.0809248554913395,-26.446280991735538,55.153636717231514,0.0,0.0,68.0751313964811,3600.0,0.0,88875.67112563874,177950.49660707993,176440.0,174929.50339292007,176166.66666666666,566542279.1618196,0.0,175400.0,176600.0,-0.26726056515404195
2021-04-08,175500.0,-1100.0,-14300,-5100,41400,-22000,19700,2400,-19700,600,-2800,-14500,176700.0,178000.0,174800.0,40596.0,-0.63,0.5,2.618,0.25,33745.4,13798.75,4.134,63.15,175500.0,174530.0,0.0,174946.2896405576,174583.7111670498,174345.0882280731,5020.66317275031,288141.01695868134,18200.0,220209.0,12729.032266227412,25.64102564102564,31.278365240629384,37.120669547775464,587.2684418649587,451.24313536156416,136.02530650339457,59.00448484129343,2.4518388791593626,-39.09090909090909,45.1998050682271,0.0,0.0,62.26126039823418,4200.0,0.0,88622.80815848132,177243.9933554634,176040.0,174836.0066445366,176100.0,3547147502.216967,0.0,175500.0,176600.0,-0.2392207239617948
2021-04-09,175600.0,100.0,-36600,55100,-18700,200,-27100,4900,18200,-3000,-15400,-14200,176800.0,178000.0,174100.0,41641.0,0.06,0.5,2.658,0.25,33677.27,14014.0,4.225,63.46,176020.0,174415.0,0.0,175012.4331103795,174653.85532623914,174410.1358382082,4940.615803268146,278531.5554202198,19700.0,261850.0,6355.874366779986,38.46153846153847,34.57506853733268,33.44983211797862,549.6894908581162,471.02582758356465,78.66366327455154,59.17866805135114,3.0516431924882736,-39.25233644859813,32.142144140548254,0.0,0.0,56.36155572720642,5200.0,0.0,88646.53522400839,176641.6263691415,175780.0,174918.3736308585,175900.0,-3278019259.8640766,0.0,175500.0,175600.0,-0.2267384510264593
2021-04-12,174300.0,-1300.0,1800,39500,-19900,-21400,-62500,4500,40100,600,-4600,23600,175500.0,175900.0,174200.0,24052.0,-0.75,0.5,2.68,0.25,33730.89,14029.5,4.173,63.13,176250.0,174455.0,0.0,174941.08094462054,174629.94398821524,174404.60524417044,4709.14324589185,257309.2024790433,18100.0,237798.0,-3581.700197621016,5.128205128205128,23.07692307692307,29.643452284961715,423.64607665874064,461.5139425128022,-37.86786585406156,55.856138258545904,1.3372093023255704,-51.401869158878505,-12.048519346749238,0.0,0.0,50.798053510131005,2300.0,0.0,88468.47372059153,177038.37748900612,175560.0,174081.62251099388,174800.0,-7068019291.535007,0.0,174300.0,175600.0,-0.33099959798850664
2021-04-13,185900.0,11600.0,900,-27000,53400,-27300,14700,7700,-30300,-3400,-9900,22100,174400.0,186500.0,174300.0,104645.0,6.24,0.5,2.749,0.25,34035.99,13897.25,4.245,63.38,177200.0,174985.0,0.0,176028.59464264644,175376.60474097417,174964.71531971372,5244.20444261386,351661.2516593712,29700.0,342443.0,22699.644055921177,95.16129032258065,46.25034463744141,34.63411208389906,1135.0744621586637,596.634423036133,538.4400391225307,71.32611260297341,5.385487528344668,-3.4482758620689653,246.96792624334455,0.0,0.0,60.15044542433608,9500.0,0.0,95432.79959551981,186026.91659719686,177580.0,169133.08340280314,182233.33333333334,62372784175.06809,22.78514907155787,174300.0,185900.0,-0.18750247363209474
2021-04-14,183000.0,-2900.0,16300,21900,-4200,-33900,14100,6200,-13500,-3700,-6800,20000,186000.0,186000.0,181000.0,32129.0,-1.58,0.5,2.727,0.25,34200.67,13794.25,4.221,62.44,177650.0,175485.0,0.0,176714.692740227,175872.42935120067,175345.15521727336,5226.761268141441,345235.4516593712,26700.0,310314.0,29342.92633637745,71.7741935483871,57.354562999724294,42.22727690469626,1470.5559267108038,771.8423505458022,698.7135761650015,65.17666510846388,2.5210084033613356,-20.114942528735632,217.91143423661677,0.0,0.0,66.19966807734254,4500.0,0.0,94931.59410869895,188215.72551970184,178860.0,169504.27448029816,183333.33333333334,48243020324.31759,22.719077830206828,183000.0,185900.0,-0.16980179597999687
2021-04-15,178900.0,-4100.0,-42600,-56800,135200,-35800,-55000,5000,3400,1700,-1700,4000,183200.0,183200.0,178200.0,50167.0,-2.29,0.5,2.692,0.25,34077.63,13919.25,4.2875,61.35,177790.0,175875.0,0.0,176928.1595394328,176065.97049688545,175508.9208928246,5210.564034702767,309115.2116593712,22400.0,260147.0,17900.290329620708,38.70967741935484,68.54838709677419,57.38443157797997,1421.8318741186522,902.0921951005049,519.7396790181473,57.61382691718614,0.7887323943661873,-43.67816091954023,91.6230366492151,0.0,23.62411194662869,67.13190574447628,1400.0,0.0,93807.63399940933,188294.9757281217,179540.0,170785.0242718783,180100.0,-27906791317.001217,22.688506791635387,183000.0,178900.0,-0.13237988216819765
2021-04-16,189800.0,10900.0,-21000,17700,48900,-45500,-13800,6700,-5100,-400,-12900,4400,179900.0,190600.0,178900.0,117089.0,5.74,0.5,2.749,0.25,33821.3,13750.25,4.2795,61.43,179080.0,176760.0,0.0,178177.05658523878,176929.84768700844,176150.31510403974,5674.095175081141,410192.0407192003,33300.0,377236.0,43752.722088654875,95.1219512195122,68.53527406241804,64.81274138630552,2153.0243361144094,1152.666368055175,1000.3579680592343,68.18369814622379,7.292255511588475,-4.545454545454546,198.75481281231993,0.0,25.204841067488452,69.18817307992667,12900.0,63.57436780263546,100941.62002512201,193158.79399561937,182380.0,171601.20600438063,186433.33333333334,40469215724.79054,22.667855483767337,183000.0,189800.0,0.028017734034444665
2021-04-19,191500.0,1700.0,59400,92200,-111100,-40500,16100,7600,-31700,-100,-3900,71400,191000.0,196700.0,188200.0,120001.0,0.89,0.5,2.73,0.25,34137.31,13927.0,4.341,62.14,180690.0,177630.0,0.0,179461.86369610264,177832.52322729258,176822.23886662096,5875.945519718202,383368.2877780238,36600.0,497237.0,41816.36622800771,76.78571428571429,70.20578097486043,69.09648071135089,2822.320842836314,1487.0111618185292,1335.309681017785,69.46273408294643,9.179019384264532,-23.008849557522122,216.8468390556076,0.0,27.288209719545822,72.4755071468434,16100.0,61.24292524230024,102016.44457728218,194939.12276482777,185820.0,176700.87723517223,192133.33333333334,54541212156.56536,22.767503407847776,183000.0,191500.0,0.15536324577131136
2021-04-20,190600.0,-900.0,-66000,-64600,163000,-32400,-48700,2600,-35300,-1100,-2500,18900,191500.0,192000.0,189200.0,38950.0,-0.47,0.5,2.79,0.25,33815.9,14011.5,4.4445,61.91,182170.0,178445.0,0.0,180530.07388802094,178612.33785319948,177411.12127675113,5656.235125452617,383368.2877780238,35200.0,458287.0,37222.732809742214,67.02702702702703,79.64489751075116,72.79531751600989,3246.538000483328,1839.265385237231,1407.2726152460968,67.90633273889561,8.418657565415245,-26.991150442477878,144.5604998330704,0.0,29.222766325027667,65.79906102622489,14800.0,61.01390650640985,101833.38974699497,196654.32160382913,186760.0,176865.67839617087,190600.0,-13299101412.066751,22.95159556795423,190600.0,191500.0,0.15678031849129231
2021-04-21,189700.0,-900.0,-88200,-104700,262500,-69600,-90700,7900,-22800,500,-8100,25000,190100.0,193900.0,189500.0,56602.0,-0.47,0.5,2.873,0.25,34043.49,13953.0,4.4855,62.94,183480.0,179280.0,0.0,181405.14923902357,179280.5587158196,177924.4904785802,5566.504045063144,331911.92414166016,31000.0,401685.0,15587.154998904967,62.16216216216216,68.65830115830114,72.83632654797091,3474.192039233865,2166.509985920606,1307.682053313259,66.30637075058948,7.417893544733856,-30.97345132743363,119.21612449300505,0.0,31.196023930976217,66.46564523000879,13100.0,58.1740230635315,101566.11902296559,197390.85571946955,188100.0,178809.14428053045,191033.33333333334,8550934595.950673,23.139622622665485,190600.0,189700.0,0.19301780521181167
2021-04-22,194400.0,4700.0,38300,22600,-41100,-19800,-200,4300,17700,700,-1400,17200,191900.0,195000.0,189200.0,44570.0,2.42,0.5,2.925,0.25,33981.57,13892.25,4.4975,63.86,185370.0,180435.0,0.0,182639.65304773912,180180.3820941173,178597.83051744485,5583.182327558634,367260.54483131535,36200.0,446255.0,16566.511114006862,87.07865168539325,72.08928029152747,73.46415965352661,3960.0360378417827,2525.4426969381225,1434.5933409036602,70.24863968110556,10.769230769230775,-10.176991150442477,116.21784717507671,0.0,33.129219086669494,71.12244971099909,18900.0,56.06893008899774,102670.38365132616,194652.53530032642,191200.0,187747.46469967358,192866.66666666666,5205295041.507741,23.248408434302466,194400.0,189700.0,0.23816965735509574
2021-04-23,194000.0,-400.0,64900,32500,-82400,-15000,7400,10000,21400,-4400,-3200,33700,194400.0,194800.0,190800.0,29268.0,-0.21,0.5,2.911,0.25,33984.93,13953.5,4.4865,65.01,187210.0,181615.0,0.0,183714.48342355218,180993.17891280848,179214.19925948387,5470.09787559016,384821.34483131533,35400.0,416987.0,21048.637605275202,68.23529411764706,72.49203598840081,71.07987247940981,4264.416136896354,2873.4138272546516,1391.0023096417026,69.5033060221743,10.478359908883817,-11.946902654867257,100.36351972629055,0.0,34.92432887409897,73.51954263890308,18400.0,59.228195461745926,102610.16142910394,195755.05047072042,192040.0,188324.94952927958,193200.0,9566762334.29001,23.1819358314037,194000.0,189700.0,0.22128002187537826
2021-04-26,192300.0,-1700.0,20600,-48200,50400,-22900,-19500,-1100,23000,100,-9700,27700,194300.0,194900.0,190700.0,26813.0,-0.88,0.5,2.931,0.25,33820.38,13850.0,4.468,63.58,189010.0,182630.0,0.0,184523.7831345648,181650.82354818808,179727.39625816094,5379.376598762291,378437.2972122677,32800.0,390174.0,18937.43441789027,53.44827586206896,69.58740722170307,71.3895745005438,4326.0715135835635,3164.0632659397634,1162.0082476438001,66.28447449554052,10.327022375215144,-19.469026548672566,80.74839980305275,0.0,36.591216533854904,72.55977582711583,18000.0,61.050481112978616,102375.20215075342,195876.95526217006,192200.0,188523.04473782994,192633.33333333334,0.0,23.137183221871563,192300.0,189700.0,0.2746212297434605
2021-04-27,193500.0,1200.0,-1900,-145000,169100,-22100,29600,-4800,-43600,1600,2500,12700,193000.0,196000.0,192100.0,39747.0,0.62,0.5,2.966,0.25,34060.36,13790.0,4.5285,64.49,189770.0,183485.0,0.0,185367.08290944863,182332.82216360708,180257.1399174663,5273.706841707842,367226.6049045754,34200.0,429921.0,12785.136978067982,63.23529411764706,61.63962136578768,67.90635485863054,4414.729588620103,3414.2777297117186,1000.4518589083841,67.43107777235463,4.088219472834864,-14.15929203539823,82.38409164595257,0.0,38.25613229273405,71.80040394725526,7600.0,52.14346240148227,102623.23335200147,196167.97874845756,192780.0,189392.02125154244,193866.66666666666,12265076609.555439,23.103074741149037,192300.0,193500.0,0.04095654036156473
2021-04-28,185000.0,-8500.0,-209200,-145900,391400,-36300,-21700,-16300,-131800,1100,-2200,-38200,190600.0,191900.0,184500.0,64648.0,-4.59,0.5,2.967,0.25,33874.85,13536.0,4.5215,65.69,189970.0,183810.0,0.0,185332.70060916344,182484.82537653914,180436.19115708492,5539.87063872871,311314.8211207916,25700.0,365273.0,-8684.110176523915,4.3478260869565215,40.343798688890836,57.19027575879387,3791.2906126370362,3489.6998870083025,301.5907256287337,53.54131973422135,1.0928961748633892,-51.769911504424776,3.1203566121840502,0.0,37.219285608188386,69.39735039117012,2000.0,45.23949278523391,99783.39872667847,198824.09621926845,191840.0,184855.90378073155,187133.33333333334,-66962628387.5758,23.09827348980703,192300.0,185000.0,0.0826178153063112
2021-04-29,181700.0,-3300.0,-99300,12800,95700,-9200,-14600,-13100,-59900,-300,-5200,-6200,185000.0,187200.0,180200.0,29680.0,-1.82,0.5,2.938,0.25,34113.23,13491.0,4.524,65.63,190250.0,184020.0,0.0,184993.38350286733,182440.5132177757,180483.05190815427,5644.165593105231,294354.8211207916,20200.0,335593.0,-22073.88308735483,9.49367088607595,25.692263696893164,42.5585612505239,3009.6014997120947,3393.660262899519,-384.0587631874241,49.29586001764639,1.5651201788708713,-66.66666666666667,-58.646134103304426,38.553868901690066,35.18612037779511,70.29693443077552,2800.0,41.920457830665306,99253.97169965145,199299.19996799744,189300.0,179300.80003200256,183033.33333333334,-106132075471.6981,23.176493866993695,181700.0,185000.0,0.11259732244213816
2021-04-30,184500.0,2800.0,-8200,-19600,31000,-3200,13700,-5000,-14600,200,-1900,-600,182200.0,186600.0,180800.0,38756.0,1.52,0.5,2.928,0.25,34133.03,13597.75,4.6025,64.71,189720.0,184400.0,0.0,184947.4131749504,182555.77509091288,180629.43872725585,5655.296622169143,305046.1314656192,23900.0,374349.0,-22143.02025139914,27.21518987341772,13.685562282150054,26.57387488931136,2576.4234383777366,3230.185736130465,-653.7622977527285,52.72139995831219,-2.7924130663856683,-54.464285714285715,-63.26492882233367,34.63435386507833,33.298181235287075,73.70412065786617,-5300.0,46.82805444432114,99851.20229954137,196689.9946178671,187400.0,178110.0053821329,183966.66666666666,0.0,23.330670957405058,181700.0,184500.0,-0.01290346768851362
2021-05-03,181500.0,-3000.0,-54900,-182400,199400,37900,25100,-3300,-72800,-800,200,-3200,184500.0,188800.0,180400.0,40449.0,-1.65,0.5,2.958,0.25,34230.34,13709.75,4.7485,64.9,188720.0,184705.0,0.0,184626.93094539148,182497.17639481448,180660.63874522506,5851.346863442776,275190.91717990494,16600.0,333900.0,-29657.68815929012,8.227848101265822,14.978902953586486,18.118909644209907,1978.6238267265435,2979.840077603887,-1001.2162508773436,48.908805781583006,-5.22193211488251,-82.16216216216216,-72.56570240121029,30.117036177898648,31.98203492811783,66.06342309442749,-10000.0,36.63837309138375,99193.4949824682,193973.93382159495,185240.0,176506.06617840505,183566.66666666666,18690202477.193504,23.495256404400347,181700.0,181500.0,-0.01444980162904801
2021-05-04,181900.0,400.0,31400,34700,-67900,1900,58900,-8300,-21500,-900,-12800,16000,180900.0,183000.0,177800.0,49835.0,0.22,0.5,2.932,0.25,34548.53,13356.75,4.716,64.92,187850.0,185010.0,0.0,184373.9466134116,182464.29057758927,180704.3467441008,5804.822087482578,303941.8787183665,20700.0,383735.0,-20887.68379943585,29.078014184397162,21.50701738636023,16.723827540698927,1518.6257129390724,2687.566124773281,-1168.9404118342086,49.43387521674003,-4.564533053515218,-78.3068783068783,-107.6978939724038,26.63618378621266,30.114834950346722,60.39683893322314,-8700.0,38.1916306258926,99303.32418357012,185935.69229199534,182920.0,179904.30770800466,180900.0,-43824621250.125404,23.619099962211315,181700.0,181900.0,0.027857054574740303
2021-05-06,180000.0,-1900.0,-66400,-188200,266800,-12300,16900,-8200,-60800,-100,-4800,-9300,181900.0,181900.0,178000.0,81850.0,-1.06,0.5,2.955,0.25,34777.76,13346.0,4.762,65.28,186880.0,185180.0,0.0,183968.9191925531,182329.588434094,180679.88982637375,5668.763366948108,306040.59666708444,18800.0,301885.0,-14733.300504954706,20.0,19.101954095220986,18.52929147838924,995.0480537972471,2349.0337114253507,-1353.9856576281036,46.964869491439565,-5.1133368476541925,-88.35978835978835,-121.52173913043438,22.964313032333273,28.381006399559265,58.04206322039014,-9700.0,39.56778858538513,98448.3764100682,184827.6450952618,181920.0,179012.3549047382,179966.66666666666,-2144166157.6053755,23.732913714786775,181700.0,180000.0,0.01793075954340769
2021-05-07,182400.0,2400.0,-11100,-40100,76700,-25400,37200,-1500,-38700,200,-4800,-3600,180100.0,183000.0,179900.0,26272.0,1.32,0.5,2.969,0.25,34742.82,12998.5,4.736,66.08,185680.0,185525.0,0.0,183823.8825307034,182333.41032914733,180738.72760023773,5485.280269308957,322142.7902154715,21300.0,328157.0,-5752.782073184266,41.81818181818181,30.298732000859648,23.635901160813628,758.7088024403783,2030.9470817741114,-1272.238279333733,50.33895160684413,-6.172839506172845,-75.66137566137566,-82.76094276094264,20.682930571196827,27.020826999793282,52.496053561587374,-12000.0,40.06731760952218,98798.66974340154,184979.17796648302,182060.0,179140.82203351698,181766.66666666666,17699451887.941536,23.820714469766653,182400.0,180000.0,-0.02939732470194769
2021-05-10,190500.0,8100.0,1300,-21300,37400,-17400,25500,-6200,-17500,100,-3100,2400,183100.0,191800.0,180800.0,59719.0,4.25,0.5,2.973,0.25,34269.16,13100.25,4.6905,63.82,185330.0,186270.0,0.0,184440.10174692623,182773.7547932192,181067.8158758327,5879.188821501174,367746.3902154715,31000.0,387876.0,12954.282928284025,90.71428571428571,50.84415584415583,33.41494731341216,1190.9096104444761,1862.930439812087,-672.0208293676108,59.665608073642794,-1.8041237113402109,-30.21978021978022,6.027792817181539,21.213425247729813,27.327677026177223,47.6931129110407,-3500.0,53.19756578338205,101450.66480919102,190675.227575739,183260.0,175844.772424261,187700.0,89335052495.85558,23.894762337988155,182400.0,190500.0,0.09393662023755535
2021-05-11,197600.0,7100.0,-266800,-220500,509200,-21900,-86100,-16300,-132400,-1200,-6200,-24500,188300.0,198700.0,187700.0,157130.0,3.59,0.5,2.961,0.25,33587.66,13387.0,4.6545,65.37,185860.0,187435.0,0.0,185653.09747920113,183568.18362532867,181617.42373554315,6244.961048536804,493450.3902154715,40900.0,545006.0,59426.23834449524,94.73684210526315,75.75643654591022,52.299774796975235,2065.670707737416,1903.4802595909005,162.19044814651534,65.73943759221294,2.756110244409782,-5.2631578947368425,100.59251735229435,23.603561297137972,28.44622213690638,61.61691135855014,5300.0,62.207170810363124,107306.95352310178,199729.241487723,186480.0,173230.758512277,194666.66666666666,48303952141.53885,24.092711963381582,182400.0,197600.0,0.2070033946909013
2021-05-12,209400.0,11800.0,-59100,-170700,234900,-5100,-11000,-4400,-35800,0,-7200,-600,200300.0,209900.0,198700.0,223062.0,5.64,0.5,3.109,0.25,34021.45,13303.5,4.7115,66.27,187450.0,188610.0,0.0,187839.17153883562,184944.11418380807,182528.62185253596,6677.463830784175,696596.1402154715,52700.0,768068.0,137672.39161980938,98.43260188087774,94.62790990014219,73.74283409673609,3643.072602418717,2251.4108517681557,1391.6617506505613,73.0130378020809,8.217054263565892,-1.557632398753894,196.0915560684747,28.413566988186755,30.41745911069268,69.30290206945722,15900.0,68.73966513957677,120627.45757168478,213381.45789426507,191980.0,170578.54210573493,206000.0,55733383543.588776,24.40833390243852,182400.0,209400.0,0.3243690029424508
2021-05-13,203200.0,-6200.0,-113000,-30100,135700,7300,-12900,-11300,-49800,700,1600,-41300,206300.0,210500.0,200800.0,108862.0,-3.05,0.5,3.012,0.25,34382.13,13212.0,4.7255,65.49,189270.0,189620.0,0.0,189251.62515984784,185911.05388284207,183197.76494144404,6893.359271442448,641603.9958855746,45400.0,659206.0,139669.00916203344,76.1437908496732,89.77107827860469,86.71847490821904,4354.405677319533,2672.0215417932136,1682.3841355263198,65.18268145519535,9.83783783783785,-22.32415902140673,148.60244860244956,29.306876875215586,32.28883445872184,59.73925334744186,18200.0,67.29496937348796,117404.22739021391,215535.55973266452,196620.0,177704.44026733548,204833.33333333334,12028990832.43005,24.807640116616327,203200.0,209400.0,0.32166900693701445
2021-05-14,203000.0,-200.0,10300,81500,-91900,100,18900,4600,4700,-1100,-14300,-2600,206000.0,208000.0,201000.0,38799.0,-0.1,0.5,2.964,0.25,34327.79,13233.5,4.5765,63.36,191400.0,190825.0,0.0,190514.49437561378,186811.37167284367,183830.695540314,6900.976466339415,624975.8530284318,40400.0,620407.0,122497.85186912207,74.74747474747475,83.10795582600856,89.16898133491848,4846.096151475707,3106.846160642743,1739.2499908329642,64.94073387106059,11.722619702806814,-22.93577981651376,117.90529671551057,29.88391553801212,34.02654013903463,56.080142823225444,21300.0,62.98679339170372,117366.03939808793,213416.65571039933,200740.0,188063.34428960067,204000.0,-20747957421.58303,25.246704207186436,203000.0,209400.0,0.28336008711059857
2021-05-17,201100.0,-1900.0,12500,-159100,142500,4100,-13000,1700,8500,-1100,-7800,24000,205900.0,206700.0,200500.0,44286.0,-0.94,0.5,2.925,0.25,34060.66,13486.5,4.568,62.05,193060.0,191390.0,0.0,191485.91568116567,187560.36313487278,184375.93089108396,6850.906718743742,589261.3368993995,34800.0,576121.0,92973.40949286427,58.77192982456141,69.88773180723645,80.92225530394991,5027.433730841411,3490.9705276901846,1536.463203151226,62.564836535121316,8.997289972899726,-28.74617737003058,91.3316948122312,29.55640478399205,35.50089707425705,54.98450722492723,16600.0,59.356788068496144,116951.53989069877,210537.08277928538,202860.0,195182.91722071462,202766.66666666666,-12599918710.20187,25.660441760961547,203000.0,201100.0,0.2625751780170261
2021-05-18,194400.0,-6700.0,86400,100700,-169000,-18000,88700,2200,900,300,-20300,14600,200100.0,202500.0,193700.0,90054.0,-3.45,0.5,2.906,0.25,33896.04,13405.0,4.481,63.58,194350.0,191535.0,182318.0,191753.10853343693,187917.17549618665,184688.67408063042,6990.127667404903,513534.10962667223,26700.0,486067.0,48348.073525539716,4.166666666666666,45.895357079567596,66.29701490427088,4588.080052547244,3710.39556440037,877.6844881468742,54.9326818225117,7.107438016528933,-49.235474006116206,42.609008453454805,26.66558481496188,35.16665570842363,48.54598904968627,12900.0,53.40722237477122,113951.23258090265,211833.65695248172,202220.0,192606.34304751828,196866.66666666666,-53745530459.502075,26.026537602154455,203000.0,194400.0,0.23315695123406432
2021-05-20,196000.0,1600.0,10000,101100,-102800,-8300,7700,-2600,-17900,100,-2500,25100,194800.0,197300.0,193100.0,31442.0,0.82,0.5,2.886,0.25,34084.15,13635.25,4.5255,66.05,195760.0,191805.0,182904.0,192142.2027751706,188336.9332751816,185037.5349061805,6790.832834018838,525512.014388577,29600.0,517509.0,29508.12636991858,16.666666666666664,26.535087719298236,47.4393922020341,4316.817205913423,3831.681277541015,485.1359283724082,56.3035413533761,7.751511819681145,-44.342507645259936,27.503817479565342,24.801476951668988,34.72136803951061,49.99560172348864,14100.0,51.96526106403789,114210.01447390676,206847.6398378683,199540.0,192232.3601621317,195466.66666666666,-38737993766.29986,26.429721342116995,196000.0,194400.0,0.19793320343218931
2021-05-21,195800.0,-200.0,-12800,-71300,88200,-4200,-8500,6100,2500,-6300,-16600,10000,196200.0,197500.0,191900.0,32267.0,-0.1,0.5,2.913,0.25,34207.84,13656.25,4.5065,66.07,197340.0,192110.0,183362.0,192477.0874254161,188722.84132336598,185365.78044377605,6705.773345874635,538188.3358171484,27900.0,485242.0,23151.693318080972,24.22360248447205,15.018978605935118,29.14980780160032,4039.3342348331935,3873.2122483593375,166.12198647385594,56.0739333837171,8.777777777777773,-44.95412844036697,19.123180107966657,23.262609843878508,34.03012219728309,49.78037380986224,15800.0,49.520609497329595,114177.08896370268,204776.66583953676,198060.0,191343.33416046324,195066.66666666666,-8677596305.823288,26.598346576433475,196000.0,195800.0,0.21362389863539072
2021-05-24,189300.0,-6500.0,-53700,12100,32700,8800,11200,100,-71000,-100,-500,6600,194500.0,194600.0,187600.0,42960.0,-3.43,0.5,2.984,0.25,34393.98,13700.25,4.5295,66.21,198030.0,191855.0,183628.0,192186.40086883167,188752.56408098593,185484.47784914475,6812.503821169304,516094.6215314342,21400.0,442282.0,11416.816767958226,8.900523560209423,16.596930903782702,19.383665743005356,3265.4662594188994,3751.6621623430015,-486.19590292410203,49.07009396071575,3.7828947368421018,-64.83180428134557,-22.676688224669135,19.647879728685446,32.457073370191466,45.97668664490796,6900.0,38.983450301105314,112750.93983193558,202866.54888011733,195320.0,187773.45111988267,190500.0,-58659217877.09497,26.72847054506504,196000.0,189300.0,0.2696945324699415
2021-05-25,193500.0,4200.0,91900,215800,-295500,-12200,60100,-200,36300,-1300,-9400,6300,187500.0,194800.0,187500.0,34050.0,2.17,0.5,2.958,0.25,34312.46,13665.5,4.663,66.85,198330.0,191830.0,183940.0,192306.51784649183,188996.10472693795,185723.78253461138,6847.324976800068,538017.2242711602,27400.0,476332.0,12553.666617551935,40.0,24.37470868156048,18.663539397092773,2952.1633569869737,3591.761466491281,-639.5981095043076,53.142705482501064,1.5748031496062964,-51.98776758409786,-17.011560324455537,17.83143172695349,31.029036446733105,49.44282645227126,3000.0,45.44669784450227,113506.40734382148,198661.2755527742,193800.0,188938.7244472258,191933.33333333334,1071953010.2790016,26.846236436246834,193500.0,189300.0,0.16455312378849823
2021-05-26,197300.0,3800.0,-21900,-300,58900,-36600,-11500,3200,-22700,-100,-2400,11600,194000.0,197700.0,190600.0,30690.0,1.93,0.5,2.986,0.25,34323.05,13686.5,4.6775,66.32,198300.0,192080.0,184416.0,192762.88465336777,189420.52759910736,186065.88669433095,6865.37319274292,565249.1961021461,34100.0,507022.0,20542.21744610381,96.07843137254902,48.326318310919476,29.765985965420892,2972.0818208387354,3467.824957733858,-495.74313689512246,56.52968005974671,-0.15182186234817818,-40.61538461538461,4.807184363444056,17.336756642135413,30.172157172460373,53.236591904430455,-300.0,51.74348354968908,114109.1050182401,200019.00700478372,194380.0,188740.99299521628,195200.0,69403714565.0049,26.835946582193397,197300.0,189300.0,0.0813839737487791
2021-05-27,200600.0,3300.0,18300,108300,-122100,-4500,-1000,3900,14500,-100,-5800,6800,197300.0,200600.0,194000.0,39526.0,1.65,0.5,3.037,0.25,34464.64,13712.88,4.6937,66.59,197420.0,192435.0,184922.0,193478.79212604742,189989.93643430926,186491.17429256896,6846.417964689855,604775.1961021461,40700.0,546548.0,34519.24119904742,100.0,78.69281045751633,50.4646124833321,3213.709405816451,3417.0016571978335,-203.29225138138236,59.28222128342499,-4.2024832855778405,-32.35294117647059,29.728078215704105,17.753933240203757,29.808876665210455,59.28008544896453,-8800.0,59.854181780091466,114770.20892092636,202867.2980646992,195300.0,187732.7019353008,198400.0,52598289733.34009,26.78014004101431,197300.0,200600.0,0.006566562119040491
2021-05-28,200800.0,200.0,19500,-86700,75100,-7800,-1200,1100,10800,-500,-1500,10800,200600.0,201400.0,198700.0,34121.0,0.1,0.5,3.055,0.25,34529.45,13686.25,4.681,66.96,197180.0,193225.0,185478.0,194147.27867609356,190538.71116443144,186905.8664458407,6550.245252926294,623731.3072132572,42800.0,580669.0,43130.49161523732,95.68345323741008,97.25396153665302,74.75769676836295,3382.0648222239397,3410.014269288717,-27.94944706477736,59.44980610052267,-1.1811023622047223,-32.65993265993266,42.37668161434909,18.134432296489905,29.587814557062934,59.71565148427326,-2400.0,66.42273452739012,114804.22786409686,205089.99431171603,196300.0,187510.00568828397,200300.0,21760792473.843086,26.781345231301003,200800.0,200600.0,-0.08521688456972508
2021-05-31,200900.0,100.0,-40700,19000,37500,-15900,-47200,7100,-9700,-3100,-2800,15100,200800.0,203600.0,199600.0,25852.0,0.05,0.5,3.104,0.25,34575.31,13648.75,4.6535,67.72,196970.0,194185.0,186074.0,194763.61172001492,191063.05412058238,187307.6719157523,6368.084877717272,614683.1072132572,44100.0,606521.0,39853.349365929724,83.22981366459628,92.97108896733545,89.63928698716826,3483.23002937992,3424.6574563704244,58.5725730094955,59.539473960396236,-1.0344827586206917,-41.73913043478261,48.03526931186473,18.46783916494558,29.69903187782735,58.41882851285439,-2100.0,63.302634398374146,114817.10236608889,204404.6693941832,198620.0,192835.3306058168,201366.66666666666,23982670586.41498,26.746057059603007,200900.0,200600.0,-0.11635897657035714
2021-06-01,201600.0,700.0,-69600,-17600,98400,-11200,-35400,700,-45500,-500,-6100,17200,201000.0,202400.0,197700.0,27157.0,0.35,0.5,3.075,0.25,34600.38,13673.75,4.5915,68.83,197020.0,195040.0,186664.0,195387.3549591719,191594.69839562022,187714.33676068467,6248.935957880325,632595.1710430444,48000.0,633678.0,40588.96154015174,84.61538461538461,87.84288383913031,92.68931144770626,3578.0081069438893,3455.3276452375276,122.68046170636171,60.20287822139379,0.24863252113376255,-38.69565217391305,29.156816390858488,18.918987095578473,29.30359786542877,48.56408286923338,500.0,63.57639694350144,114911.72605946868,203256.22280344143,200240.0,197223.77719655857,200566.66666666666,-26825496188.827927,26.674867514329197,200900.0,201600.0,-0.12649985876633732
2021-06-02,201000.0,-600.0,-73100,-96500,179900,-10300,-30000,-6300,-25900,-500,-1600,-8800,201000.0,201800.0,199100.0,21299.0,-0.3,0.5,3.05,0.25,34578.57,13544.75,4.4558,68.7,197680.0,196015.0,187202.0,195899.27670681122,192067.9031658017,188089.0441195492,5995.440532317444,641272.5414134148,47200.0,612379.0,39960.969680164824,72.91666666666666,80.25395498221583,87.02264259622719,3563.9955014221778,3477.0612497811094,86.93425164106839,59.30528813807743,3.3950617283950546,-41.30434782608695,40.45286305247064,19.06736169918118,28.93640913963009,30.651104516763013,6600.0,68.8195577551607,114848.3361785163,201654.09198185412,200980.0,200305.90801814588,200633.33333333334,5070660594.394103,26.61565245855803,201000.0,201600.0,-0.19036349382389436
